<assembly xmlns="http://maven.apache.org/plugins/maven-assembly-plugin/assembly/1.1.0" 
  xmlns:xsi="http://www.w3.org/2001/XMLSchema-instance"
  xsi:schemaLocation="http://maven.apache.org/plugins/maven-assembly-plugin/assembly/1.1.0 http://maven.apache.org/xsd/assembly-1.1.0.xsd">
  <id>bin</id>
  <formats>
    <format>tar.gz</format>
    <format>tar.bz2</format>
    <format>zip</format>
  </formats>
  <fileSets>
    <fileSet>
      <directory>${project.basedir}/..</directory>
      <outputDirectory>/</outputDirectory>
      <includes>
        <include>../README*</include>
        <include>../LICENSE*</include>
      </includes>
    </fileSet>
    <fileSet>
      <directory>${project.basedir}/src/test/resources/examples</directory>
      <outputDirectory>examples</outputDirectory>
      <includes>
        <include>basic/**/*</include>
      </includes>
    </fileSet>
    <fileSet>
      <directory>${project.basedir}/target/classes</directory>
      <outputDirectory>/</outputDirectory>
      <includes>
        <include>*.sh</include>
        <include>*.bat</include>
      </includes>
    </fileSet>
    <fileSet>
      <directory>${project.basedir}/target</directory>
      <outputDirectory></outputDirectory>
      <includes>
        <include>coberturaFlush.war</include>
        <include>cobertura*.jar</include>
      </includes>
    </fileSet>
  </fileSets>
  <dependencySets>
    <dependencySet>
      <outputDirectory>lib</outputDirectory>
      <useProjectArtifact>true</useProjectArtifact>
      <excludes>
        <exclude>org.apache.ant:ant-junit</exclude>
        <exclude>org.apache.ant:ant</exclude>
        <exclude>org.apache.ant:ant-launcher</exclude>
        <exclude>org.eclipse.jetty:jetty-*</exclude>
        <exclude>javax.servlet:*</exclude>
        <exclude>net.sourceforge.cobertura:cobertura*</exclude>
      </excludes>
      <scope>runtime</scope>
    </dependencySet>
  </dependencySets>
</assembly>
