<?xml version="1.0" encoding="UTF-8"?>
<!--
  #%L
  cobertura
  %%
  Copyright (C) 2015 Cobertura
  %%
  Licensed under the Apache License, Version 2.0 (the "License");
  you may not use this file except in compliance with the License.
  You may obtain a copy of the License at

       http://www.apache.org/licenses/LICENSE-2.0

  Unless required by applicable law or agreed to in writing, software
  distributed under the License is distributed on an "AS IS" BASIS,
  WITHOUT WARRANTIES OR CONDITIONS OF ANY KIND, either express or implied.
  See the License for the specific language governing permissions and
  limitations under the License.
  #L%
  -->

<configuration>
    <appender name="STDOUT" class="ch.qos.logback.core.ConsoleAppender">
        <encoder>
            <pattern>[%level] %msg%n</pattern>
        </encoder>
    </appender>

    <!-- Lower the logging level for relevant classes -->
    <logger name="net.sourceforge.cobertura" level="INFO"/>

    <!-- Strictly speaking, the level attribute is not necessary since -->
    <!-- the level of the root level is set to DEBUG by default.       -->
    <root level="DEBUG">
        <appender-ref ref="STDOUT" />
    </root>
</configuration>
